model,accuracy,mape,auc,fpr,tpr
tensorflow,81.66,0.11849795129080266,0.8208107168640872,[0.         0.10738255 1.        ],[0.         0.74900398 1.        ]
xgb,79.45,0.08260130492080099,0.7920510352326712,[0.         0.25055928 1.        ],[0.         0.83466135 1.        ]
both,0.6263048016701461,0.08260130492080099,0.6291948187688977,[0.        0.3820598 1.       ],[0.         0.64044944 1.        ]
