model,accuracy,mape,auc,fpr,tpr
tensorflow,83.57,0.12501030787127007,0.8424783273839878,[0.         0.08108108 1.        ],[0.         0.76603774 1.        ]
xgb,80.9,0.07850228958750084,0.8062553119156892,[0.         0.22522523 1.        ],[0.         0.83773585 1.        ]
both,0.6167664670658682,0.07850228958750084,0.6139534883720931,[0.         0.37209302 1.        ],[0.  0.6 1. ]
