model,accuracy,mape,auc,fpr,tpr
tensorflow,81.5,3.692814510348811,0.818027775398321,[0.         0.10336538 1.        ],[0.         0.73942094 1.        ]
xgb,80.12,0.6367259908703602,0.7998945305807778,[0.         0.23317308 1.        ],[0.         0.83296214 1.        ]
both,0.6238738738738738,0.6367259908703602,0.6347918294452506,[0.         0.40138408 1.        ],[0.         0.67096774 1.        ]
