model,accuracy,mape,auc,fpr,tpr,min_max
tensorflow,84.74,0.052946127799359054,0.8533022601354322,[0.         0.10361446 1.        ],[0.         0.81021898 1.        ],0.3
xgb,71.23,0.0720159029106004,0.7154578754578753,[0.        0.2552381 1.       ],[0.         0.68615385 1.        ],5.0
both,0.6744186046511628,0.052946127799359054,0.6538024204205312,[0.         0.28670121 1.        ],[0.         0.59430605 1.        ],0.0
