model,MAPE,AUC
Tensorflow,0.7900000214576721,0.75
XGBOOST,0.39,0.76
BOTH,0.7900000214576721,0.65
